id,name,followers,owner_name,owner_id,description
37i9dQZEVXbJqfMFK4d691,Bolivia Top 50,61845,spotifycharts,spotifycharts,Your daily update of the most played tracks in Bolivia right now.
2zvn0gdOKh4xiMTqn9CVAk,Bolivian Music ,1143,Carmen Canedo,1222614869,música boliviana
37i9dQZEVXbMTKZuy8ORFV,Bolivia Viral 50,11469,spotifycharts,spotifycharts,Your daily update of the most viral tracks in Bolivia.
6UdNU7zliQhLYyYEe2pFYY,Bolivia folklore ,1201,Jowell Ticlla,21iebp5hjbszblserre4tttjq,
6kBnDt633T7ylfaRUdanU5,BOLIVIA MANTA,279,ãlubã,ãlubã,
2MGqkd7u2u87tLLFyzJ7DH,Bolivia Top 100,176,kolibrimusic,kolibrimusic,The Top 100 tracks in Bolivia right now 🎯 Los 100 mejores éxitos del momento en Bolivia.
37i9dQZF1DXcU9MUSqc5Ok,Made in Bolivia,4945,Spotify,spotify,Representando la cultura con orgullo. Representing with pride!
3L0GTgyBzx3cITSPBqE5CE,Top 50 Bolivia,3548,kolibrimusic,kolibrimusic,The Top 50 tracks in Bolivia right now 🎯 Los 50 mejores éxitos del momento en Bolivia.
6lZcXjIcYANzBtutXzXUHt,Bolivia Años 90 - Rock/pop,234,Pato Peters,1270180943,
3eWL716NDY8CSDVZvh8Udo,"Elias Ayaviri, Mc J Rap ♡Rap Boliviano 🇧🇴♡",1176,Juan Carlos Zurita Bustos,12168646266,"En esta Playlist encontraras Rap Romantico Boliviano, De estos dos cantantes de Rap de Bolivia."
1OciHZQgk4kMSxhVYivJLQ,Martin Stephenson And The Daintees – Boat To Bolivia,493,paula.polly.land,paula.polly.land,
6CyUiJyJ4Enu2mCrgXlcp9,Lamento Boliviano,6378,Valerie Marie,valerie1193,
3vhz7F0Q7KVmAcfvay1SCa,Bolivian Hits!,47,Javier H. Antelo Romero,12153039644,"Música Reggae, Rock, Funk, Indie, Hard, Jazz, Metal y muchos más generos 100% de BOLIVIA!"
321jPs2Obj2j8qzroYv4S2,La Previa en Bolivia by Dj Micky,5290,Filtr Bolivia,i70njzkxhiqhv01720gh1eujm,Dale play y que empiece la fiesta! Foto: DJ Micky
2leeQMfgdkIEcaKXCPdWZQ,Cumbias Bolivianas ,473,Albina Humerez Santos,albihs,
03ZSUNsVsoAeZKExgjnhUB,"Kjarkas, Proyección, Pacha, Tupay y Chila Jatun. Bolivia.",1926,jfrodriguez2002,jfrodriguez2002,"Las mejores canciones del famoso grupo folklorico Los Kjarkas de Cochabamba, Bolivia. Incluye canciones de Proyección, quienes fueron sus alumnos; tambien de Pacha y de Tupay que fueron nuevos emprendimientos. Finalmente, incluye musica de Chila Jatun, quienes son sus hijos y sobrinos."
7IhQX1r2MphH86UNtA4Llo,Cumbia Boliviana y mas,883,David Marcelo Castillo,12138739614,
4Vo04i7qwfew7LtHukfAh8,Musica boliviana 🙂,2636,wilda.valencia,wilda.valencia,
3MPXWgEKvDPicO1UeXOVDs,Pk2 bolivia,794,amasmsd,amasmsd,
5X37Zv0r4RqMcrvup19NAI,Cuecas Bolivianas,1082,Alex Caballero,1232538265,
7ed0JL48relXZcPGYd3v2S,Folklore Boliviano,650,Walter Zetzsche,1278369470,Selección de musica boliviana. Principalmente andina pero un poco más.
3b9zB3X9JQPxrznZD5lfxy,TINKU'S  BOLIVIANOS,2288,Rodolfo M. Arze Flores,rodoarze,"El Tinku es una ceremonia milenaria, que se festeja en la región andina de Bolivia (actualmente en los departamentos de Potosí y Oruro). La palabra “Tinku” significa “encuentro” en Quechua (lengua descendiente de la civilización Inca VIVA BOLIVIA"
773iDD9rdBq6B3bgzCwklP,Chacareras bolivianas,1122,Ángel Reyes Gómez,11120039346,
4HL8IlbzOCGx28j5zHkI9U,Musica Nacional Boliviana,1057,Dragon Raul,12149279058,"Las canciones que no tienen tiempo, que siempre serán las representativas de Bolivia"
37i9dQZF1DXcaON5GWABL3,Top Canciones Bolivia 2019,2724,Spotify,spotify,Las canciones más escuchadas del año. Foto: Mau y Ricky.
5F6eeNiqNLD6cdgJ7S9GWJ,MORENADAS BOLIVIANAS,1062,Rodolfo M. Arze Flores,rodoarze,
2XfYxfqzUZl1ZVIF1htNQk,Cumbia boliviana del recuerdo,1704,Gabriel Parada Trigo,gaboparadatrigo,
2Rq5AIA81iwvXN1kVRE5Eb,Nacionales Bolivia,608,Ross Rojas Romero,22crdvobbeel3sgt4uouheyja,
37i9dQZF1DX2LWCSft2vqi,Top Artistas Bolivia 2019,1775,Spotify,spotify,Los artistas más escuchados del año. Foto: Bad Bunny.
3YtUz8kPK4hs916Vy4qWVp,SALAY BOLIVIA,67,Omar Canaza,31czvhziyfvtquc53j4y3is6j75q,
5q6nmqaLJqtiWJwbv9I8i0,SALAY 🇧🇴 BOLIVIA LA PAZ,1610,Luis Fernando Garcia,12132490305,MUSICA FOLKLORICA BOLIVIANA
37i9dQZF1DX3JGBBuBxYKW,Cumbieras,40009,Spotify,spotify,"Reinas de la cumbia, de hoy y de siempre. Foto: Miss Bolivia."
211g8JAEFEqB9HnJyqSA3R,Rock Boliviano,1833,Daniel Arancibia,danielarancibiamusic,
5KvklFtZxPGzukUyA2xQCT,🇧🇴CUECAS BOLIVIANAS🇧🇴,195,Mike,iyz75yrn91fmjsfby2g04ydan,
3hIDaIALu7oy2rn7OM0i1n,MIX CUMBIA BOLIVIANA,146,MAY,5j13z991iau1bvs4l6qx63yr7,
6p55on67kcTyHOvBCJaQjj,Música boliviana  🇧🇴,204,Matilde Condori Loza,31rwrgs6xr4zjqmzhe2lvhiq4ezu,"música folcklorica : las mejores cuecas , morenadas, caporales, tinkus, más y más folckore .  Artistas: Kjarkas , Willy claure , Chila jatun , Bonanza , Tupay y más. "
2jRZYqVnZ39MlV4uoMaUpP,Los Enanitos Verdes — Lamento Boliviano,454,Mariana Córdova,marinita_27-mx,
2UE51y00U1F589ytZSq6gw,Huaynos Bolivianos,273,Franco Luna Jara,21w6gqflc3lce46qcuspcnx2a,
5m0C3CDYhOt20lbyGLTpiy,CUMBIA BOLIVIANA ANTIGUA,284,12157891201,12157891201,
65vCOvbKY2rsOYUXdsEJyX,CUMBIAS BOLIVIANAS DE LOS 90,152,Gregorio Mollericona,21xg3743g3jg3cafv6j32ofya,
3mEcFXW5IE5IKxXQQBgO2F,Caporales Bolivia,188,12141918928,12141918928,"Caporales Bolivia San Simon, Sambos, CBN, Centralistas, ENAF"
3IsL5jwux8IR0FFmQ0iO5C,musicas Nacionales Bolivianas,82,Marydanitza,d0lkkx7robtn0tgtwhsf3ij44,
1lVWNxsB3oONMDr9csg6jQ,Lamento Boliviano,23,Monica Rodriguez,12144560956,
61j7OdOYSOdPsSphgLSIoD,rock boliviano,307,Hugo Escobar Carreño,12147836104,"lo mejor octavia, oz, llegas, etc"
0t3mcXp84obQ94aePxoj9Z,Música Folclórica de Bolivia,178,Maite Monasterios Medrano,12177428216,
1d29qW0wQRs5Oqi8Fobj8X,Folclore boliviano bailable,174,Hayvilmacruz,vsl5dfgfje9l0orxjz8ompcfm,
2uWefhSt0FzL1GuY5QAkXd,Charango Boliviano,614,luchomusica2010,luchomusica2010,Este es el sitio de los enamorados de este bello instrumento boliviano el charango
1Sl9Ov25YF5yMHvbtZSZqq,Proyeccion de bolivia,347,Julio Alfredo Segil,julial2904,
7xg9H8UArAZRNW4UbtkuYG,TOP HITS BOLIVIA,6039,Digster Chile,digsterchile,"Disfruta y escucha los 50 hits más sonados de Bolivia, todos en una sola lista. Cover: Cali y El Dandee"
6sGsiDWCrnnHWOoZ7YfJyF,Música Boliviana,860,Danne Grönskog,118461213,"Una compilacion de canciones bolivianas para disfrutar y amar nuestra patria querida, amada Bolivia en toda su grandeza."
